{
    "neurons": 16,
    "weights": [
        [
            -0.061028891598801316,
            -0.1618287257629798,
            0.5602750389151028,
            0.3555291299328922,
            -0.5293904364845339,
            -0.8610231640061161,
            -0.4002957277861652,
            0.18947711878357132,
            0.8217109650498458
        ],
        [
            -0.8486528036658305,
            0.494630524903956,
            -0.18937543577310478,
            -0.382001276165874,
            0.38220721664500545,
            0.7857336599117333,
            -0.008965119279846556,
            -0.3297597695607297,
            -0.565570583791648
        ],
        [
            -0.6298630258492737,
            0.8645328430118637,
            0.36815813597017377,
            -0.20032677624510709,
            0.010806768275878342,
            0.3263004112851948,
            -0.8509911939585206,
            -0.947598083331894,
            0.9375843353425286
        ],
        [
            -0.7413523571192115,
            0.6040551235295433,
            0.6625863618432359,
            0.6669406746758753,
            -0.793710362486779,
            0.9289885431511387,
            0.9109456190075991,
            0.43802359896034093,
            -0.8884950845639903
        ],
        [
            -0.2534710015567221,
            -0.27655925257032044,
            -0.42242567591008306,
            0.46670819794016527,
            0.5765870558151458,
            -0.47667419202373784,
            0.3841302767282013,
            0.6124078515454221,
            -0.245052826740922
        ],
        [
            0.4026695529750697,
            -0.7547685966619138,
            -0.4287113834745353,
            -0.41723368974482966,
            0.9479231942848645,
            -0.6026458241365389,
            -0.37718518621253394,
            -0.9928285047602432,
            0.49198739328914787
        ],
        [
            -0.9017087183308365,
            -0.814028708196771,
            0.7296761226192658,
            0.37070216293281555,
            0.1885722937851,
            0.23671520712084093,
            -0.4058036833613332,
            -0.8393081513153948,
            0.7734861583912995
        ],
        [
            0.4556153627864987,
            0.7959826871405695,
            0.4594756741468282,
            -0.5017004712945188,
            -0.8178750285200278,
            0.9576340028135422,
            0.37489597652329754,
            0.18924914650556013,
            0.4686391400958487
        ],
        [
            -0.435209954868506,
            -0.4752183572044353,
            -0.7719504803920425,
            0.7956019789978628,
            -0.5817280047229996,
            -0.46598597816701615,
            -0.7094031156913374,
            0.7616755843071774,
            0.7736750461630231
        ],
        [
            0.31955496395542027,
            -0.6427192004282094,
            -0.7652566969092625,
            0.6820418769394971,
            -0.5522140439001442,
            0.9739871325168579,
            0.12619373568427017,
            0.7573943280488273,
            -0.8057194454694927
        ],
        [
            0.5403259224523307,
            -0.17198447166445208,
            -0.21955418734366483,
            -0.4999285167713572,
            -0.629013053523586,
            0.22837336823726107,
            -0.6179350821104455,
            0.21263435386899676,
            -0.49003520143075785
        ],
        [
            0.9117331787666607,
            -0.5037802554024544,
            0.44042616157617553,
            -0.5732720475299748,
            -0.7396337280882552,
            0.931190586004971,
            0.9303120199092798,
            0.022348460214545396,
            0.7940845168237753
        ],
        [
            0.2042213700666884,
            -0.7628950185065926,
            -0.692378418453248,
            -0.973890583856224,
            -0.6808190713891913,
            0.3926611826984143,
            -0.790447326664709,
            -0.5395583482690678,
            0.5321179427352456
        ],
        [
            -0.38124536390093744,
            -0.2150685475020937,
            0.7041639213529334,
            -0.7942284297962678,
            0.6563952814775635,
            -0.052416185264311466,
            0.7080213197173215,
            -0.2438563641819762,
            0.7337990006997095
        ],
        [
            0.010199712243269765,
            0.020454631417654134,
            0.9420683169933866,
            0.6395915052681937,
            -0.9919749892868246,
            0.21413001717822744,
            -0.027581942863423636,
            0.41964501261069587,
            0.17335693990007006
        ],
        [
            0.8463101199229497,
            -0.7345439373134395,
            -0.10587799549919508,
            0.989920436377089,
            0.6969262141638415,
            -0.7543684057926863,
            -0.9451636918093533,
            0.8577246619637409,
            -0.2893613228612306
        ]
    ],
    "outputs": [
        0.0,
        0.0,
        0.0,
        0.0,
        0.0,
        0.0,
        0.0,
        0.0,
        0.0,
        0.0,
        0.0,
        0.0,
        0.0,
        0.0,
        0.0,
        0.0
    ],
    "training_inputs": [
        [0, 0, -1, 1, 1, 1, -1, 0, -1],
        [-1, 1, 1, -1, 0, 0, 1, -1, 0],
        [1, -1, 1, -1, 1, 0, 1, 1, -1],
        [-1, -1, 1, 0, 1, 1, 0, -1, 0],
        [0, 1, 0, -1, -1, -1, 0, 1, 1],
        [1, -1, 0, 0, -1, 0, 1, 1, -1],
        [1, 1, 0, -1, -1, 1, 0, -1, 0],
        [0, 1, -1, -1, 0, 1, 0, 1, -1],
        [1, -1, -1, -1, 0, 0, 1, 0, 1],
        [0, 1, -1, 0, 0, -1, 1, 1, -1],
        [0, 1, 0, -1, 0, 1, -1, -1, 1],
        [-1, 1, 0, -1, 1, 0, -1, 0, 1],
        [0, -1, 1, 0, -1, 1, 1, 0, -1],
        [0, -1, 0, 1, 0, 1, 1, -1, -1],
        [1, 1, -1, 0, 0, 1, -1, 0, -1],
        [1, 1, 1, 0, -1, -1, 0, -1, 0],
        [-1, 1, -1, 0, 0, 1, 0, -1, 1],
        [0, -1, 0, 1, -1, 1, 0, 1, -1]
    ],
    "training_outputs": [
        1,
        0,
        1,
        0,
        -1,
        0,
        0,
        0,
        0,
        -1,
        0,
        -1,
        0,
        0,
        0,
        1,
        0,
        0
    ]
}
