{"neurons": 16, "weights": [[-0.3215757748766712, 0.2771011270947108, -0.08070171951888239, 0.691740756510177, 0.6892486231308541, -0.5542552708042157, -0.32441876572195305, -0.8320059555795356, 0.8196673191653636], [0.6457836100899195, 0.49695403133703886, -0.7051055194794336, 0.8452430971402676, -0.19615007152899433, 0.31692538402264137, -0.7966385829262177, -0.3275004123240304, -0.18553849716514192], [0.45222917885869296, 0.051379192789738015, 0.07207951186243378, 0.8703626594083522, -0.6187028077572414, 0.9047640321356711, 0.7008396692872345, 0.40547005862403074, -0.005750356568948067], [-0.6928220049347911, -0.5250099264774919, -0.5646311730395082, 0.8278006544852781, -0.7827221220219314, -0.39615162345012034, 0.417444984332916, 0.7864615622998103, 0.013463446387477651], [-0.906884264055408, 0.7073658445631983, 0.1891952529940537, 0.6160951049558077, -0.1953293982429407, 0.9609814187863672, 0.8316748258720588, 0.4122494722635621, 0.5191158044109347], [0.4224418876293232, 0.2056487498129842, 0.8069034097585528, 0.17472548070953087, 0.44564560580044166, 0.6332034662426578, -0.37098517531902653, -0.6042934361773209, -0.7152159662831996], [-0.9388120070267691, -0.6112047226397939, -0.3034221837311788, 0.595053349803911, 0.2669529739743528, -0.3020191492293136, 0.18257093673898983, -0.3351717430633603, 0.9426452768154898], [0.6203951930100069, 0.08729732028181192, 0.3774010775988632, -0.11744029243519427, -0.6541937350243017, 0.604416734882876, 0.36925454506042654, 0.10580212245916987, 0.9376617274622931], [0.03812636263182978, 0.2654371913528353, 0.9295228553566368, 0.5641251464908452, 0.32100418822527543, -0.5363195293566949, -0.30195674399937755, 0.37098625646416794, 0.5280086220734403], [0.9426976788295387, -0.48732672891587114, -0.8161507617238555, -0.4679521323490814, 0.5528362725769465, -0.8748887069683922, -0.32984492909360363, -0.8561024458349773, -0.876841399333496], [0.11753004512984688, -0.7545249811022181, 0.07391783331141188, 0.8365885674423024, 0.3750298953859408, 0.31902758316987057, 0.16870168988083067, 0.8700205177519074, 0.5005083870704763], [0.22923194211038966, -0.9611034704065549, -0.9721746877695276, -0.14175533685209896, -0.34049303397897224, -0.32349377293787684, 0.8546135629308196, -0.5637549167825473, 0.7089335454473344], [0.2278916858628992, 0.27375208284812946, 0.718193137740557, 0.43414768312662977, 0.1309777126017415, -0.43489219744650187, 0.05021288252339118, -0.9818742277077106, -0.07045828562855516], [-0.3015265564360605, 0.1652768077103326, -0.7049527249890086, -0.6044204802623099, -0.2911467274790591, -0.7141962311159298, 0.714324252579311, 0.7788506164235016, -0.32028739773207726], [0.7857685478112526, 0.2261058269745213, -0.7940597348085228, 0.0261305538797032, 0.8107281285006644, -0.8174680858865573, -0.5640781023529917, -0.6402223392817044, 0.7938749768340327], [-0.40146584985780676, 0.23956915063478879, -0.01285881760657226, -0.8948966196914183, -0.8165273852635058, -0.8774895165796073, -0.2452891008043825, 0.9601141004861513, -0.8313029021440002]]}